[
   {
       "id": 1,
       "category": 1,
       "postDate": "2023-05-14",
       "featureImage": "https://dummyimage.com/200x200/000/fff",
       "price": 9.99,
       "title": "Lawnmower",
       "body": "Lorem ipsum dolor sit amet, consectetur adipiscing elit. Cras convallis fringilla sem efficitur congue. Vestibulum efficitur blandit ultricies. Sed tempus mollis orci id facilisis. Aliquam placerat, ipsum eget egestas malesuada, neque nunc scelerisque felis, ut egestas turpis augue ut nisi. Curabitur vel convallis augue.",
       "published": true
   },
   {
       "id": 2,
       "category": 1,
       "postDate": "2023-05-15",
       "featureImage": "https://dummyimage.com/200x200/000/fff",
       "price": 19.99,
       "title": "Weber BBQ",
       "body": "Lorem ipsum dolor sit amet, consectetur adipiscing elit. Cras convallis fringilla sem efficitur congue. Vestibulum efficitur blandit ultricies. Sed tempus mollis orci id facilisis. Aliquam placerat, ipsum eget egestas malesuada, neque nunc scelerisque felis, ut egestas turpis augue ut nisi. Curabitur vel convallis augue.",
       "published": true
   },
   {
       "id": 3,
       "category": 2,
       "postDate": "2023-05-16",
       "featureImage": "https://dummyimage.com/200x200/000/fff",
       "price": 439.99,
       "title": "PS5",
       "body": "Lorem ipsum dolor sit amet, consectetur adipiscing elit. Cras convallis fringilla sem efficitur congue. Vestibulum efficitur blandit ultricies. Sed tempus mollis orci id facilisis. Aliquam placerat, ipsum eget egestas malesuada, neque nunc scelerisque felis, ut egestas turpis augue ut nisi. Curabitur vel convallis augue.",
       "published": true
   },
   {
       "id": 4,
       "category": 2,
       "postDate": "2023-05-17",
       "featureImage": "https://dummyimage.com/200x200/000/fff",
       "price": 459.99,
       "title": "XBOX",
       "body": "Lorem ipsum dolor sit amet, consectetur adipiscing elit. Cras convallis fringilla sem efficitur congue. Vestibulum efficitur blandit ultricies. Sed tempus mollis orci id facilisis. Aliquam placerat, ipsum eget egestas malesuada, neque nunc scelerisque felis, ut egestas turpis augue ut nisi. Curabitur vel convallis augue.",
       "published": true
   },
   {
       "id": 5,
       "category": 3,
       "postDate": "2023-05-18",
       "featureImage": "https://dummyimage.com/200x200/000/fff",
       "price": 39.99,
       "title": "TShirt",
       "body": "Lorem ipsum dolor sit amet, consectetur adipiscing elit. Cras convallis fringilla sem efficitur congue. Vestibulum efficitur blandit ultricies. Sed tempus mollis orci id facilisis. Aliquam placerat, ipsum eget egestas malesuada, neque nunc scelerisque felis, ut egestas turpis augue ut nisi. Curabitur vel convallis augue.",
       "published": true
   },
   {
       "id": 6,
       "category": 3,
       "postDate": "2023-05-19",
       "featureImage": "https://dummyimage.com/200x200/000/fff",
       "price": 29.99,
       "title": "Shorts",
       "body": "Lorem ipsum dolor sit amet, consectetur adipiscing elit. Cras convallis fringilla sem efficitur congue. Vestibulum efficitur blandit ultricies. Sed tempus mollis orci id facilisis. Aliquam placerat, ipsum eget egestas malesuada, neque nunc scelerisque felis, ut egestas turpis augue ut nisi. Curabitur vel convallis augue.",
       "published": true
   },
   {
       "id": 7,
       "category": 4,
       "postDate": "2023-05-20",
       "featureImage": "https://dummyimage.com/200x200/000/fff",
       "price": 19.99,
       "title": "Baseball",
       "body": "Lorem ipsum dolor sit amet, consectetur adipiscing elit. Cras convallis fringilla sem efficitur congue. Vestibulum efficitur blandit ultricies. Sed tempus mollis orci id facilisis. Aliquam placerat, ipsum eget egestas malesuada, neque nunc scelerisque felis, ut egestas turpis augue ut nisi. Curabitur vel convallis augue.",
       "published": true
   },
   {
       "id": 8,
       "category": 4,
       "postDate": "2023-05-21",
       "featureImage": "https://dummyimage.com/200x200/000/fff",
       "price": 99.99,
       "title": "Soccer Ball",
       "body": "Lorem ipsum dolor sit amet, consectetur adipiscing elit. Cras convallis fringilla sem efficitur congue. Vestibulum efficitur blandit ultricies. Sed tempus mollis orci id facilisis. Aliquam placerat, ipsum eget egestas malesuada, neque nunc scelerisque felis, ut egestas turpis augue ut nisi. Curabitur vel convallis augue.",
       "published": true
   },
   {
       "id": 9,
       "category": 5,
       "postDate": "2023-05-16",
       "featureImage": "https://dummyimage.com/200x200/000/fff",
       "price": 99.99,
       "title": "Dog Food",
       "body": "Lorem ipsum dolor sit amet, consectetur adipiscing elit. Cras convallis fringilla sem efficitur congue. Vestibulum efficitur blandit ultricies. Sed tempus mollis orci id facilisis. Aliquam placerat, ipsum eget egestas malesuada, neque nunc scelerisque felis, ut egestas turpis augue ut nisi. Curabitur vel convallis augue.",
       "published": true
   },
   {
       "id": 10,
       "category": 5,
       "postDate": "2023-05-16",
       "featureImage": "https://dummyimage.com/200x200/000/fff",
       "price": 9.99,
       "title": "Fish Food",
       "body": "Lorem ipsum dolor sit amet, consectetur adipiscing elit. Cras convallis fringilla sem efficitur congue. Vestibulum efficitur blandit ultricies. Sed tempus mollis orci id facilisis. Aliquam placerat, ipsum eget egestas malesuada, neque nunc scelerisque felis, ut egestas turpis augue ut nisi. Curabitur vel convallis augue.",
       "published": true
   },
   {
       "id": 11,
       "category": 1,
       "postDate": "2023-05-22",
       "featureImage": "https://dummyimage.com/200x200/000/fff",
       "price": 149.99,
       "title": "Smartphone",
       "body": "Lorem ipsum dolor sit amet, consectetur adipiscing elit. Cras convallis fringilla sem efficitur congue. Vestibulum efficitur blandit ultricies. Sed tempus mollis orci id facilisis. Aliquam placerat, ipsum eget egestas malesuada, neque nunc scelerisque felis, ut egestas turpis augue ut nisi. Curabitur vel convallis augue.",
       "published": true
   },
   {
       "id": 12,
       "category": 1,
       "postDate": "2023-05-23",
       "featureImage": "https://dummyimage.com/200x200/000/fff",
       "price": 199.99,
       "title": "Tablet",
       "body": "Lorem ipsum dolor sit amet, consectetur adipiscing elit. Cras convallis fringilla sem efficitur congue. Vestibulum efficitur blandit ultricies. Sed tempus mollis orci id facilisis. Aliquam placerat, ipsum eget egestas malesuada, neque nunc scelerisque felis, ut egestas turpis augue ut nisi. Curabitur vel convallis augue.",
       "published": true
   },
   {
       "id": 13,
       "category": 2,
       "postDate": "2023-05-24",
       "featureImage": "https://dummyimage.com/200x200/000/fff",
       "price": 299.99,
       "title": "Camera",
       "body": "Lorem ipsum dolor sit amet, consectetur adipiscing elit. Cras convallis fringilla sem efficitur congue. Vestibulum efficitur blandit ultricies. Sed tempus mollis orci id facilisis. Aliquam placerat, ipsum eget egestas malesuada, neque nunc scelerisque felis, ut egestas turpis augue ut nisi. Curabitur vel convallis augue.",
       "published": true
   },
   {
       "id": 14,
       "category": 3,
       "postDate": "2023-05-25",
       "featureImage": "https://dummyimage.com/200x200/000/fff",
       "price": 49.99,
       "title": "Running Shoes",
       "body": "Lorem ipsum dolor sit amet, consectetur adipiscing elit. Cras convallis fringilla sem efficitur congue. Vestibulum efficitur blandit ultricies. Sed tempus mollis orci id facilisis. Aliquam placerat, ipsum eget egestas malesuada, neque nunc scelerisque felis, ut egestas turpis augue ut nisi. Curabitur vel convallis augue.",
       "published": true
   },
   {
       "id": 15,
       "category": 4,
       "postDate": "2023-05-26",
       "featureImage": "https://dummyimage.com/200x200/000/fff",
       "price": 29.99,
       "title": "Basketball",
       "body": "Lorem ipsum dolor sit amet, consectetur adipiscing elit. Cras convallis fringilla sem efficitur congue. Vestibulum efficitur blandit ultricies. Sed tempus mollis orci id facilisis. Aliquam placerat, ipsum eget egestas malesuada, neque nunc scelerisque felis, ut egestas turpis augue ut nisi. Curabitur vel convallis augue.",
       "published": true
   },
   {
       "id": 16,
       "category": 1,
       "postDate": "2023-05-27",
       "featureImage": "https://dummyimage.com/200x200/000/fff",
       "price": 79.99,
       "title": "Smartwatch",
       "body": "Lorem ipsum dolor sit amet, consectetur adipiscing elit. Cras convallis fringilla sem efficitur congue. Vestibulum efficitur blandit ultricies. Sed tempus mollis orci id facilisis. Aliquam placerat, ipsum eget egestas malesuada, neque nunc scelerisque felis, ut egestas turpis augue ut nisi. Curabitur vel convallis augue.",
       "published": true
   },
   {
       "id": 17,
       "category": 2,
       "postDate": "2023-05-28",
       "featureImage": "https://dummyimage.com/200x200/000/fff",
       "price": 199.99,
       "title": "Headphones",
       "body": "Lorem ipsum dolor sit amet, consectetur adipiscing elit. Cras convallis fringilla sem efficitur congue. Vestibulum efficitur blandit ultricies. Sed tempus mollis orci id facilisis. Aliquam placerat, ipsum eget egestas malesuada, neque nunc scelerisque felis, ut egestas turpis augue ut nisi. Curabitur vel convallis augue.",
       "published": true
   },
   {
       "id": 18,
       "category": 3,
       "postDate": "2023-05-29",
       "featureImage": "https://dummyimage.com/200x200/000/fff",
       "price": 79.99,
       "title": "Hiking Boots",
       "body": "Lorem ipsum dolor sit amet, consectetur adipiscing elit. Cras convallis fringilla sem efficitur congue. Vestibulum efficitur blandit ultricies. Sed tempus mollis orci id facilisis. Aliquam placerat, ipsum eget egestas malesuada, neque nunc scelerisque felis, ut egestas turpis augue ut nisi. Curabitur vel convallis augue.",
       "published": true
   },
   {
       "id": 19,
       "category": 4,
       "postDate": "2023-05-30",
       "featureImage": "https://dummyimage.com/200x200/000/fff",
       "price": 149.99,
       "title": "Golf Club",
       "body": "Lorem ipsum dolor sit amet, consectetur adipiscing elit. Cras convallis fringilla sem efficitur congue. Vestibulum efficitur blandit ultricies. Sed tempus mollis orci id facilisis. Aliquam placerat, ipsum eget egestas malesuada, neque nunc scelerisque felis, ut egestas turpis augue ut nisi. Curabitur vel convallis augue.",
       "published": true
   },
   {
       "id": 20,
       "category": 5,
       "postDate": "2023-05-31",
       "featureImage": "https://dummyimage.com/200x200/000/fff",
       "price": 19.99,
       "title": "Cat Food",
       "body": "Lorem ipsum dolor sit amet, consectetur adipiscing elit. Cras convallis fringilla sem efficitur congue. Vestibulum efficitur blandit ultricies. Sed tempus mollis orci id facilisis. Aliquam placerat, ipsum eget egestas malesuada, neque nunc scelerisque felis, ut egestas turpis augue ut nisi. Curabitur vel convallis augue.",
       "published": true
   },
   {
       "id": 21,
       "category": 1,
       "postDate": "2023-06-01",
       "featureImage": "https://dummyimage.com/200x200/000/fff",
       "price": 29.99,
       "title": "Bluetooth Speaker",
       "body": "Lorem ipsum dolor sit amet, consectetur adipiscing elit. Cras convallis fringilla sem efficitur congue. Vestibulum efficitur blandit ultricies. Sed tempus mollis orci id facilisis. Aliquam placerat, ipsum eget egestas malesuada, neque nunc scelerisque felis, ut egestas turpis augue ut nisi. Curabitur vel convallis augue.",
       "published": true
   },
   {
       "id": 22,
       "category": 2,
       "postDate": "2023-06-02",
       "featureImage": "https://dummyimage.com/200x200/000/fff",
       "price": 129.99,
       "title": "External Hard Drive",
       "body": "Lorem ipsum dolor sit amet, consectetur adipiscing elit. Cras convallis fringilla sem efficitur congue. Vestibulum efficitur blandit ultricies. Sed tempus mollis orci id facilisis. Aliquam placerat, ipsum eget egestas malesuada, neque nunc scelerisque felis, ut egestas turpis augue ut nisi. Curabitur vel convallis augue.",
       "published": true
   },
   {
       "id": 23,
       "category": 3,
       "postDate": "2023-06-03",
       "featureImage": "https://dummyimage.com/200x200/000/fff",
       "price": 99.99,
       "title": "Sunglasses",
       "body": "Lorem ipsum dolor sit amet, consectetur adipiscing elit. Cras convallis fringilla sem efficitur congue. Vestibulum efficitur blandit ultricies. Sed tempus mollis orci id facilisis. Aliquam placerat, ipsum eget egestas malesuada, neque nunc scelerisque felis, ut egestas turpis augue ut nisi. Curabitur vel convallis augue.",
       "published": true
   },
   {
       "id": 24,
       "category": 4,
       "postDate": "2023-06-04",
       "featureImage": "https://dummyimage.com/200x200/000/fff",
       "price": 49.99,
       "title": "Football",
       "body": "Lorem ipsum dolor sit amet, consectetur adipiscing elit. Cras convallis fringilla sem efficitur congue. Vestibulum efficitur blandit ultricies. Sed tempus mollis orci id facilisis. Aliquam placerat, ipsum eget egestas malesuada, neque nunc scelerisque felis, ut egestas turpis augue ut nisi. Curabitur vel convallis augue.",
       "published": true
   },
   {
       "id": 25,
       "category": 5,
       "postDate": "2023-06-05",
       "featureImage": "https://dummyimage.com/200x200/000/fff",
       "price": 29.99,
       "title": "Bird Seed",
       "body": "Lorem ipsum dolor sit amet, consectetur adipiscing elit. Cras convallis fringilla sem efficitur congue. Vestibulum efficitur blandit ultricies. Sed tempus mollis orci id facilisis. Aliquam placerat, ipsum eget egestas malesuada, neque nunc scelerisque felis, ut egestas turpis augue ut nisi. Curabitur vel convallis augue.",
       "published": true
   },
   {
       "id": 26,
       "category": 1,
       "postDate": "2023-06-06",
       "featureImage": "https://dummyimage.com/200x200/000/fff",
       "price": 199.99,
       "title": "Laptop",
       "body": "Lorem ipsum dolor sit amet, consectetur adipiscing elit. Cras convallis fringilla sem efficitur congue. Vestibulum efficitur blandit ultricies. Sed tempus mollis orci id facilisis. Aliquam placerat, ipsum eget egestas malesuada, neque nunc scelerisque felis, ut egestas turpis augue ut nisi. Curabitur vel convallis augue.",
       "published": true
   },
   {
       "id": 27,
       "category": 2,
       "postDate": "2023-06-07",
       "featureImage": "https://dummyimage.com/200x200/000/fff",
       "price": 69.99,
       "title": "Mouse",
       "body": "Lorem ipsum dolor sit amet, consectetur adipiscing elit. Cras convallis fringilla sem efficitur congue. Vestibulum efficitur blandit ultricies. Sed tempus mollis orci id facilisis. Aliquam placerat, ipsum eget egestas malesuada, neque nunc scelerisque felis, ut egestas turpis augue ut nisi. Curabitur vel convallis augue.",
       "published": true
   },
   {
       "id": 28,
       "category": 3,
       "postDate": "2023-06-08",
       "featureImage": "https://dummyimage.com/200x200/000/fff",
       "price": 19.99,
       "title": "Flip Flops",
       "body": "Lorem ipsum dolor sit amet, consectetur adipiscing elit. Cras convallis fringilla sem efficitur congue. Vestibulum efficitur blandit ultricies. Sed tempus mollis orci id facilisis. Aliquam placerat, ipsum eget egestas malesuada, neque nunc scelerisque felis, ut egestas turpis augue ut nisi. Curabitur vel convallis augue.",
       "published": true
   },
   {
       "id": 29,
       "category": 4,
       "postDate": "2023-06-09",
       "featureImage": "https://dummyimage.com/200x200/000/fff",
       "price": 39.99,
       "title": "Tennis Racket",
       "body": "Lorem ipsum dolor sit amet, consectetur adipiscing elit. Cras convallis fringilla sem efficitur congue. Vestibulum efficitur blandit ultricies. Sed tempus mollis orci id facilisis. Aliquam placerat, ipsum eget egestas malesuada, neque nunc scelerisque felis, ut egestas turpis augue ut nisi. Curabitur vel convallis augue.",
       "published": true
   },
   {
       "id": 30,
       "category": 5,
       "postDate": "2023-06-10",
       "featureImage": "https://dummyimage.com/200x200/000/fff",
       "price": 49.99,
       "title": "Fish Tank",
       "body": "Lorem ipsum dolor sit amet, consectetur adipiscing elit. Cras convallis fringilla sem efficitur congue. Vestibulum efficitur blandit ultricies. Sed tempus mollis orci id facilisis. Aliquam placerat, ipsum eget egestas malesuada, neque nunc scelerisque felis, ut egestas turpis augue ut nisi. Curabitur vel convallis augue.",
       "published": true
   }
]
